Hotel_Name,lat,lng,Category
Hotel Arena,52.3605759,4.9159683,3
K K Hotel George,51.4918878,-0.1949706,1
Apex Temple Court Hotel,51.5137335,-0.1087512,1
The Park Grand London Paddington,51.5142184,-0.1809032,1
Monhotel Lounge SPA,48.8743481,2.2897334,3
Kube Hotel Ice Bar,48.88657,2.3588332,3
The Principal London,51.5226217,-0.1251602,1
Park Plaza County Hall London,51.5014001,-0.1160092,1
One Aldwych,51.5117832,-0.1194172,1
Splendid Etoile,48.874707,2.2936761,3
Hotel Trianon Rive Gauche,48.8487675,2.3410376,3
InterContinental London Park Lane,51.5038632,-0.1504132,1
Novotel Suites Paris Nord 18 me,48.9015941,2.3597783,3
Grand Royale London Hyde Park,51.5109945,-0.1863417,1
Milestone Hotel Kensington,51.5020425,-0.1866541,1
Crowne Plaza London Kings Cross,51.5263854,-0.1136042,1
Select Hotel,48.8483053,2.3425596,3
H tel De Vend me,48.8668564,2.3286339,3
Pullman Paris Centre Bercy,48.8315204,2.3870797,3
Gardette Park Hotel,48.8610265,2.3788974,3
Hotel Panache,48.8732543,2.343239,3
H tel des Ducs D Anjou,48.8598229,2.347111,3
Hotel Scribe Paris Opera by Sofitel,48.8704175,2.3296832,3
Novotel London West,51.4919588,-0.2200956,1
Haymarket Hotel,51.5084595,-0.1311382,1
Intercontinental London The O2,51.5024348,-0.0002497,1
H tel Juliana Paris,48.8619373,2.3040298,3
Hotel L Antoine,48.8524215,2.3743832,3
Belfast,48.8756435,2.2938788,3
Shangri La Hotel Paris,48.8637135,2.2934759,3
Mercure Paris Tour Eiffel Pont Mirabeau,48.8460269,2.2788281,3
Knightsbridge Hotel,51.4980052,-0.1643238,1
The London EDITION,51.5167472,-0.135965,1
The Cranley Hotel,51.4916378,-0.1832833,1
Hotel Le 10 BIS,48.8780363,2.2864907,3
The Nadler Soho,51.5147387,-0.1341108,1
Grange St Paul s Hotel,51.5127625,-0.0997157,1
The Ampersand Hotel,51.4943077,-0.1755579,1
Covent Garden Hotel,51.5145986,-0.1270336,1
The Nadler Victoria,51.4990259,-0.1427453,1
Novotel London Tower Bridge,51.5106538,-0.0773676,1
Crowne Plaza Paris R publique,48.8673199,2.3656296,3
Le Metropolitan a Tribute Portfolio Hotel,48.8656973,2.2829776,3
Atala Champs Elys es,48.8735418,2.302442,3
H tel de Jos phine BONAPARTE,48.8555319,2.3621212,3
Maison Souquet,48.88366,2.3313845,3
Hotel Tour d Auvergne Opera,48.8789432,2.3448623,3
Le Senat,48.8491427,2.3397118,3
Windsor Opera,48.8734851,2.3485111,3
Holiday Inn Paris Montparnasse Pasteur,48.8376887,2.3063102,3
H tel Keppler,48.8699103,2.2973386,3
Les Plumes Hotel,48.8766269,2.3432886,3
Hotel des Tuileries Relais du Silence,48.8661705,2.331561,3
Bradford Elys es Astotel,48.8729676,2.3081178,3
W London Leicester Square,51.510843,-0.1314287,1
The Victoria,51.4611219,-0.2756216,1
Pullman London St Pancras,51.5286766,-0.1283489,1
Crowne Plaza London Kensington,51.495179,-0.183827,1
Doubletree by Hilton London Kensington,51.4925138,-0.1787917,1
Ace Hotel London Shoreditch,51.5254162,-0.0772849,1
Staybridge Suites London Vauxhall,51.4891226,-0.1205639,1
The Grosvenor,51.4956657,-0.1452793,1
The Park Tower Knightsbridge a Luxury Collection Hotel,51.5014191,-0.1625805,1
Amp re,48.8848583,2.2997023,3
Melia Paris Champs Elys es,48.8688962,2.2827459,3
Le Parisis Paris Tour Eiffel,48.8494851,2.2955063,3
Thistle Kensington Gardens,51.5108439,-0.1839074,1
Park Plaza Sherlock Holmes London,51.5209191,-0.1566567,1
Hilton Paris Opera,48.8756604,2.3252075,3
The Kensington Hotel,51.4925478,-0.1780611,1
Holiday Inn London Stratford City,51.5426054,-0.0072708,1
Staybridge Suites London Stratford,51.5426351,-0.0073272,1
Shepherd s Bush Boutique Hotel,51.5054544,-0.2262216,1
My Bloomsbury,51.5188555,-0.1319172,1
Holiday Inn Paris Gare de Lyon Bastille,48.8468064,2.3714789,3
H tel Chaplain Paris Rive Gauche,48.8427564,2.3305636,3
H tel Regina Op ra Grands Boulevards,48.8708508,2.3515882,3
11 Cadogan Gardens,51.4936161,-0.1592347,1
The Wellesley Knightsbridge a Luxury Collection Hotel London,51.502485,-0.1539265,1
Hotel Astor Saint Honor ,48.8728324,2.3193886,3
Op ra Marigny,48.871723,2.3235377,3
H tel Diva Opera,48.8732706,2.3450746,3
Le Marcel,48.8761376,2.3572681,3
H tel Duo,48.8581186,2.3529369,3
H tel Le Marianne,48.8725794,2.3075779,3
The Rembrandt,51.4959227,-0.1702917,1
Hotel Eden,48.8405612,2.2991035,3
H tel de la Bourdonnais,48.8550466,2.304583,3
Ashburn Hotel,51.4945522,-0.1861213,1
Marlin Waterloo,51.4990953,-0.1132136,1
Best Western Premier Marais Grands Boulevards,48.8687425,2.3541761,3
Novotel London Waterloo,51.4948465,-0.1187481,1
The Athenaeum,51.504716,-0.1475618,1
Park International Hotel,51.4945144,-0.1866172,1
Lansbury Heritage Hotel,51.5090985,-0.0157302,1
Le Dokhan s a Tribute Portfolio Hotel,48.8663359,2.2867935,3
Le Relais Madeleine,48.870961,2.3267678,3
Terrass H tel Montmartre by MH,48.8865626,2.3329648,3
Millennium Hotel Paris Opera,48.8724588,2.3378004,3
Waldorf Madeleine,48.8715828,2.3224853,3
Batty Langley s,51.5208575,-0.0779503,1
Best Western Mornington Hotel Hyde Park,51.5119933,-0.1782794,1
Arbor City,51.5166755,-0.0697897,1
Hotel La Lanterne,48.8489839,2.348383,3
H tel Square Louvois,48.8684165,2.336869,3
Hotel Marignan Champs Elys es,48.8685093,2.3067895,3
Le Grey Hotel,48.881407,2.3274204,3
Le Pavillon des Lettres,48.8713699,2.3181191,3
H tel San R gis,48.8665788,2.3084447,3
Garden Elys e,48.8663444,2.2881979,3
Hotel Louvre Montana,48.8644627,2.3318473,3
Ambassadors Bloomsbury,51.5266618,-0.1296571,1
Le 123 S bastopol Astotel,48.8675886,2.3531018,3
Le 123 Elysees Astotel,48.8730823,2.309659,3
The Bryson Hotel,51.5220869,-0.1082443,1
Best Western Mercedes Arc de Triomphe,48.8848292,2.3035189,3
London Marriott Hotel Regents Park,51.5421476,-0.1703073,1
Hilton London Hyde Park,51.51046,-0.1875844,1
Staunton Hotel B B,51.520378,-0.1303414,1
1K Hotel,48.8639318,2.3658744,3
H tel Westminster,48.8693409,2.3310263,3
L H tel,48.8562272,2.3351758,3
Mercure Paris Porte d Orleans,48.8178079,2.3293636,3
Maxim Op ra,48.8738557,2.3444232,3
Le Marceau Bastille,48.8490691,2.3697484,3
Hotel Odeon Saint Germain,48.8513515,2.3375084,3
Mercure London Bloomsbury Hotel,51.5210085,-0.1230966,1
The Chamberlain,51.5122457,-0.0757326,1
Radisson Blu Edwardian Grafton,51.5241386,-0.1380807,1
La Villa Haussmann,48.8753446,2.3167161,3
London Marriott Hotel Marble Arch,51.5163841,-0.1635764,1
Saint Georges Hotel,51.517839,-0.1424476,1
Park Grand London Lancaster Gate,51.5132069,-0.1807816,1
The Henrietta Hotel,51.5109079,-0.1238221,1
Sofitel Paris Arc De Triomphe,48.8751845,2.3013214,3
Hotel Mercure La Sorbonne Saint Germain des Pr s,48.8493499,2.3430569,3
La Tremoille Paris,48.8668589,2.3028215,3
Hotel Op ra Richepanse,48.8686931,2.325211,3
H tel Duc De St Simon,48.8560685,2.3236846,3
Hotel Le Six,48.8438352,2.3280708,3
The Bailey s Hotel London,51.4938733,-0.1824963,1
London Marriott Hotel Park Lane,51.5131428,-0.1576714,1
Best Western Premier Louvre Saint Honor ,48.861711,2.340674,3
Hotel Indigo London Tower Hill,51.5128032,-0.07586,1
Windermere Hotel,51.4903724,-0.1459218,1
La Villa Maillot,48.875551,2.2835191,3
H tel Madison by MH,48.8531641,2.3344097,3
Mercure London Paddington Hotel,51.5161139,-0.1749521,1
Hilton London Paddington,51.515632,-0.175737,1
London Marriott Hotel Kensington,51.4944849,-0.1884174,1
Kensington House Hotel,51.5012329,-0.1859937,1
Charlotte Street Hotel,51.5184158,-0.1348509,1
The Goring,51.4975621,-0.145551,1
Novotel Paris 14 Porte d Orl ans,48.8196885,2.3263505,3
The Pelham Starhotels Collezione,51.4943935,-0.1750169,1
The Montague On The Gardens,51.520181,-0.1256957,1
Ritz Paris,48.8679466,2.3289593,3
Hotel Les Rives de Notre Dame,48.8532269,2.3457159,3
Sofitel Paris Le Faubourg,48.868414,2.3213247,3
Bassano,48.8690596,2.2971078,3
Best Western Premier Le Swann,48.8797331,2.3206003,3
H tel des Academies et des Arts,48.8420669,2.3304091,3
Hotel Lumen Paris Louvre,48.8652582,2.3329632,3
Le Marquis Eiffel,48.8516619,2.2979395,3
COQ Hotel Paris,48.8328764,2.3572531,3
Mill sime H tel,48.8550236,2.3350786,3
The Leonard Hotel,51.5147071,-0.1578291,1
DoubleTree by Hilton London Hyde Park,51.5100362,-0.190657,1
The Ritz London,51.5069446,-0.1415776,1
M by Montcalm Shoreditch London Tech City,51.5278465,-0.0889473,1
Legend Saint Germain by Elegancia,48.8453774,2.3256427,3
Clayton Crown Hotel London,51.5561548,-0.2141824,1
Au Manoir Saint Germain,48.853688,2.3322667,3
St Paul s Hotel,51.4934752,-0.2153256,1
Best Western S vres Montparnasse,48.843707,2.3155631,3
The Bloomsbury Hotel,51.5171671,-0.1290534,1
Nolinski Paris,48.8654874,2.3348924,3
Le Tourville Eiffel,48.8542681,2.3078116,3
Paris Marriott Opera Ambassador Hotel,48.8728351,2.3362507,3
Hotel Indigo London Paddington,51.5150534,-0.1739974,1
Idol Hotel,48.8795369,2.3202966,3
H tel California Champs Elys es,48.8726335,2.3048084,3
Hotel de Seze,48.8705741,2.3264194,3
Number Sixteen,51.4930905,-0.1755022,1
Hotel Xenia Autograph Collection,51.4946905,-0.1910197,1
H tel Hor,48.8793427,2.3577745,3
Britannia International Hotel Canary Wharf,51.5019097,-0.0232208,1
Best Western Op ra Batignolles,48.8870573,2.3143297,3
H tel de Banville,48.8864673,2.2948911,3
Villa Eugenie,48.8871283,2.314205,3
Hilton London Euston,51.5265189,-0.1303689,1
Egerton House,51.4968406,-0.1675498,1
Millennium Hotel London Knightsbridge,51.4999683,-0.1599927,1
H tel Raphael,48.8713239,2.2937849,3
Le 7 Eiffel Hotel,48.8585193,2.3077243,3
Paris Marriott Rive Gauche Hotel,48.8315962,2.3399796,3
Hotel La Place,51.5215257,-0.1533039,1
Hotel Le Pera,48.871309,2.3277079,3
H tel Bedford,48.8720593,2.3236802,3
Drawing Hotel,48.8644382,2.3359148,3
Novotel Paris Centre Gare Montparnasse,48.838484,2.3150904,3
D clic Hotel,48.8908018,2.3380204,3
Villa d Estr es,48.8535089,2.3425787,3
Bulgari Hotel London,51.5015721,-0.1628511,1
Novotel London Greenwich,51.4778583,-0.0137463,1
Park Avenue Baker Street,51.5241452,-0.1609907,1
Hotel Plaza Elys es,48.8746128,2.3056956,3
Hotel Champs Elys es Friedland by Happyculture,48.8750848,2.3048372,3
Malmaison London,51.520943,-0.1004581,1
The Park City Grand Plaza Kensington Hotel,51.4954976,-0.1893691,1
Park Plaza London Riverbank,51.4913737,-0.1214194,1
Pullman Paris Tour Eiffel,48.8555664,2.2926243,3
Danubius Hotel Regents Park,51.529257,-0.168358,1
Hotel Bachaumont,48.8663208,2.3450399,3
Franklin Roosevelt,48.8678432,2.3033075,3
H tel Horset Op ra Best Western Premier Collection,48.8691686,2.3337818,3
Best Western Paris Gare Saint Lazare,48.8803752,2.319591,3
Splendide Royal Paris,48.8709627,2.3154141,3
The Rockwell,51.4948059,-0.1926525,1
The LaLit London,51.5032524,-0.078179,1
Mercure Paris Alesia,48.8237487,2.324056,3
Courthouse Hotel London,51.5143624,-0.1394483,1
Best Western The Boltons Hotel London Kensington,51.4907493,-0.1934627,1
Radisson Blu Edwardian Sussex,51.5144381,-0.1558337,1
Hotel The Peninsula Paris,48.8710605,2.2933537,3
Le Narcisse Blanc Spa,48.8605125,2.3106533,3
The Pillar Hotel,51.583236,-0.216868,1
Crowne Plaza London The City,51.5122429,-0.1045036,1
H tel Les Dames du Panth on,48.845743,2.34493,3
H tel Victor Hugo Paris Kl ber,48.8690198,2.2891278,3
Grand Hotel Saint Michel,48.8478399,2.342254,3
Hotel Maison Ath n e,48.8713421,2.3280723,3
Relais Du Louvre,48.8592264,2.340996,3
Pullman Paris Montparnasse,48.8382943,2.3210421,3
Best Western Ducs de Bourgogne,48.8603483,2.3440535,3
Best Western Premier Op ra Opal,48.8722588,2.3257608,3
Amarante Champs Elys es,48.8717649,2.2983855,3
The Gore Hotel Starhotels Collezione,51.5001979,-0.1795357,1
The Hoxton Holborn,51.5172398,-0.1220324,1
Mercure London Kensington Hotel,51.4950098,-0.1906195,1
Royal Garden Hotel,51.5027022,-0.1882164,1
Boundary Rooms Suites,51.5244224,-0.0764614,1
H tel Ad le Jules,48.8721062,2.3451384,3
Grange White Hall Hotel,51.5203469,-0.1260893,1
Hilton London Bankside,51.5056956,-0.101525,1
DoubleTree by Hilton London Ealing,51.511521,-0.290706,1
Molitor Paris MGallery by Sofitel,48.8448902,2.252833,3
First Hotel Paris Tour Eiffel,48.8475112,2.3022198,3
DoubleTree by Hilton London Victoria,51.49398,-0.143372,1
St Ermin s Hotel Autograph Collection,51.498905,-0.1339093,1
Montagu Place Hotel,51.5191009,-0.1592,1
H tel Regina,48.8637503,2.3320406,3
Mercure Paris Gare De Lyon TGV,48.8442949,2.3730938,3
Villa Montparnasse,48.8349272,2.3295913,3
H tel des Champs Elys es,48.8722884,2.3090359,3
Lyric H tel Paris,48.8690126,2.3368708,3
Hotel Design Secret de Paris,48.8814056,2.3282568,3
Hotel Dupond Smith,48.857898,2.3571978,3
Okko Hotels Paris Porte De Versailles,48.8327729,2.2787597,3
La Villa Royale,48.8821595,2.3367444,3
Hotel Indigo Paris Opera,48.8704371,2.329236,3
Villa Opera Drouot,48.8732231,2.3436097,3
Novotel Paris Gare De Lyon,48.8453785,2.3753036,3
H tel Belloy Saint Germain By Happyculture,48.8503901,2.3422527,3
Hotel Louis 2,48.8516148,2.3381293,3
InterContinental Paris Le Grand,48.8708391,2.3303651,3
The Trafalgar Hilton,51.507374,-0.129135,1
Park Lane Mews Hotel,51.5059334,-0.1489418,1
Old Ship Inn Hackney,51.5458476,-0.0554113,1
The Drayton Court Hotel,51.5141842,-0.3192925,1
The Montcalm Marble Arch,51.5150522,-0.159239,1
The Colonnade,51.5243286,-0.1846623,1
The Royal Horseguards,51.5054185,-0.1241499,1
Grange Fitzrovia Hotel,51.521759,-0.1425381,1
H tel Le M,48.8397623,2.3235324,3
The Hari London,51.4973203,-0.1562558,1
citizenM London Bankside,51.5051507,-0.1004724,1
Radisson Blu Edwardian Mercer Street,51.5139275,-0.1271506,1
Twenty Nevern Square Hotel,51.4915712,-0.1963192,1
The Abbey Court Notting Hill,51.5101401,-0.1968951,1
Seven Hotel,48.8389823,2.3455528,3
Platine Hotel Spa,48.8473459,2.2832408,3
Mercure Paris Gare Montparnasse,48.8503074,2.3450612,3
Mercure Paris Notre Dame Saint Germain des Pr s,48.8548641,2.2923181,3
Mercure Paris Centre Tour Eiffel,48.8735736,2.335965,3
Banke H tel,51.5084036,-0.1067988,1
Mondrian London,51.5116049,-0.1383145,1
Karma Sanctum Soho Hotel,51.4948507,-0.1945544,1
NH London Kensington,48.8642689,2.3308179,3
Saint James Albany Paris Hotel Spa,48.8412131,2.3302954,3
Mercure Paris Montparnasse Raspail,48.8393229,2.3892274,3
Golden Tulip Bercy Gare de Lyon 209,48.8747153,2.2906388,3
Montfleuri,51.4944875,-0.2070605,1
Simply Rooms Suites,48.8823398,2.3364764,3
Mercure Paris Pigalle Sacre Coeur,51.5205441,-0.1308091,1
The Academy,51.5094835,-0.1362538,1
Le Meridien Piccadilly,48.8794843,2.3556545,3
Mercure Paris Terminus Nord,48.8493082,2.2743626,3
H tel F licien by Elegancia,48.8737702,2.3201063,3
Le Lavoisier,48.8655293,2.3360102,3
H tel Moli re,48.8363819,2.2897793,3
Vice Versa,51.5079153,-0.2730145,1
The Kings Head Hotel,48.8756508,2.3041568,3
H tel Etoile Saint Honor by Happyculture,48.8452789,2.342295,3
Hotel Le petit Paris,48.8886969,2.3945403,3
Mercure Paris 19 Philharmonie La Villette,48.8757155,2.3038781,3
Royal Garden Champs Elysees,48.8649306,2.3290844,3
H tel Brighton Esprit de France,48.8519215,2.3839993,3
H tel Paris Bastille Boutet MGallery by Sofitel,51.5218066,-0.0856081,1
Montcalm Royal London House City of London,51.4993927,-0.1329128,1
Conrad London St James,48.8823111,2.3132374,3
L Edmond H tel,48.8554268,2.4152555,3
Novotel Suites Paris Montreuil Vincennes,51.5072713,-0.0211213,1
London Marriott Hotel West India Quay,51.5055513,-0.1501698,1
London Hilton on Park Lane,51.5161911,-0.1579487,1
Radisson Blu Portman Hotel London,48.8692566,2.3339369,3
H tel France d Antin Op ra,48.8681455,2.3313064,3
Hotel Stendhal Place Vend me Paris MGallery by Sofitel,48.8538752,2.3366123,3
H tel De Buci by MH,48.8518584,2.3447798,3
Hotel Parc Saint Severin Esprit de France,48.8721692,2.3262681,3
Hotel Chavanel,51.512257,-0.2034244,1
The Portobello Hotel,48.8658792,2.3298903,3
Royal Saint Honore,51.519016,-0.166267,1
Landmark London,51.5195688,-0.170521,1
Hilton London Metropole,51.4992791,-0.1973593,1
Best Western Seraphine Kensington Olympia,51.5199224,-0.2116636,1
Portobello House,48.8653685,2.328218,3
Le Meurice,48.8606187,2.344401,3
Maison Albar Hotel Paris C line,51.5124655,-0.182274,1
Henry VIII,51.525535,-0.1180354,1
Goodenough Club,48.8731996,2.3425446,3
Holiday Inn Paris Montmartre,48.8717146,2.3261812,3
Hotel Pulitzer Paris,51.5215508,-0.0469238,1
Hotel Vignon,48.8396623,2.3300582,3
London Suites,41.3882234,2.1644551,2
H tel Aiglon Esprit de France,51.4942539,-0.1414756,1
Sansi Diputacio,51.5203266,-0.1245891,1
Park Plaza Victoria London,51.4960283,-0.1686355,1
Grange Beauchamp Hotel,51.5139298,-0.101126,1
The Franklin Hotel Starhotels Collezione,48.8689307,2.2974503,3
Club Quarters Hotel St Paul s,48.8754371,2.3434586,3
Hotel Elys es Bassano,48.8768854,2.3270623,3
Hotel Opera Cadet,48.8730437,2.3161144,3
Phileas Hotel,48.87096,2.3091617,3
Holiday Inn Paris Elys es,48.8309896,2.3297301,3
H tel Beauchamps,48.8661932,2.3042141,3
Best Western Nouvel Orl ans Montparnasse,48.830196,2.3529539,3
Hotel Plaza Athenee Paris,51.4931086,-0.190208,1
Mercure Paris Place d Italie,48.8565778,2.3319767,3
The Nadler Kensington,48.8827492,2.2982782,3
H tel Da Vinci Spa,48.871859,2.2978177,3
XO Hotel,48.8671889,2.326927,3
H tel Vernet,51.5173303,-0.1180966,1
Mandarin Oriental Paris,48.8399018,2.3031011,3
Rosewood London,51.4916677,-0.1947475,1
Novotel Paris Vaugirard Montparnasse,51.5134603,-0.1833081,1
Mayflower Hotel Apartments,51.5117907,-0.306071,1
Caesar Hotel,51.4930097,-0.159715,1
Hotel Xanadu,51.5043483,-0.0334436,1
Draycott Hotel,51.4928147,-0.1841753,1
DoubleTree by Hilton London Docklands Riverside,48.8782679,2.294852,3
Bentley London,51.5135555,-0.180002,1
Mercure Paris Arc de Triomphe Etoile,41.3961448,2.1631674,2
Park Grand Paddington Court,51.514839,-0.1586656,1
The One Barcelona GL,48.8969854,2.3852745,3
The Zetter Townhouse Marylebone,51.4998574,-0.161717,1
Forest Hill Paris la Villette,51.4957436,-0.1477528,1
The Levin Hotel,48.8562725,2.3660412,3
The Tophams Hotel,48.8775326,2.293458,3
Le Pavillon de la Reine Spa,48.8661991,2.3328826,3
Hidden Hotel by Elegancia,51.4988817,-0.1062888,1
Le Roch Hotel Spa,51.4917798,-0.1616049,1
H10 London Waterloo,51.5207945,-0.1310845,1
San Domenico House,48.8615843,2.3620652,3
Bloomsbury Palace Hotel,48.8485387,2.3479852,3
Hotel du Petit Moulin,48.853865,2.3072019,3
Hotel Atmospheres,48.8718321,2.3278866,3
H tel La Comtesse by Elegancia,48.8553486,2.3340736,3
Hotel Astra Opera Astotel,48.880856,2.3375085,3
Hotel La Villa Saint Germain Des Pr s,51.4801631,-0.0097201,1
Grand Pigalle Hotel,52.3743712,4.8746196,3
Innkeeper s Lodge London Greenwich,48.8654726,2.3292934,3
Morgan Mees,48.8753837,2.2944651,3
Hotel Duminy Vendome,51.507746,-0.1422993,1
Maison Albar H tel Paris Champs Elys es ex Mac Mahon ,48.8503493,2.3344305,3
Holiday Inn London Mayfair,48.8713619,2.3426375,3
H tel Recamier,48.8528364,2.3440803,3
TRYP Paris Op ra,51.5138357,-0.1797976,1
Royal Saint Michel,51.519032,-0.1825943,1
Paddington Court Executive Rooms,48.8802782,2.2843852,3
Novotel London Paddington,48.8430523,2.3422519,3
Hyatt Regency Paris Etoile,48.866435,2.3251076,3
Relais Saint Jacques,48.8852794,2.3301021,3
Hotel Cambon,48.8542454,2.339956,3
Mercure Paris Montmartre Sacr Coeur,48.878932,2.3394182,3
Relais Christine,48.851589,2.2777274,3
Les Matins de Paris Spa,48.8601927,2.318423,3
Hotel Square,48.8657394,2.3274415,3
H tel Bourgogne Montana by MH,48.8567042,2.3277805,3
The Westin Paris Vend me,48.8700325,2.3112736,3
Hotel Montalembert,48.8565421,2.3303504,3
H tel Mathis Elys es,48.884165,2.3328261,3
Le Saint Hotel Paris,48.8756618,2.2863468,3
Hotel Le Squara,48.8661363,2.3260648,3
L Hotel Pergol se Paris,48.8869128,2.3004034,3
H tel Mayfair Paris,51.5189182,-0.0866009,1
Best Western Plus de Neuville Arc de Triomphe,51.5142054,-0.1766098,1
South Place Hotel,48.8715469,2.3439622,3
The Royal Park Hotel,51.4922348,-0.1914229,1
Holiday Inn Paris Op ra Grands Boulevards,51.5404555,-0.1460833,1
Henley House Hotel,51.4932356,-0.1269082,1
Holiday Inn London Camden Lock,51.5129736,-0.1837431,1
DoubleTree by Hilton London Westminster,51.5156471,-0.1572443,1
Blakemore Hyde Park,51.5186801,-0.1354055,1
Hyatt Regency London The Churchill,48.8691984,2.2979052,3
Rathbone,48.8752553,2.286653,3
Le Belmont Champs Elys es,48.8715079,2.3122259,3
Duret,48.8703672,2.2938868,3
H tel Elysees Mermoz,48.8335233,2.3191194,3
Majestic Hotel Spa,51.5289499,-0.1232979,1
BoB Hotel by Elegancia,51.4981225,-0.1799693,1
Comfort Inn Suites Kings Cross St Pancras,51.5189077,-0.1421957,1
The Queens Gate Hotel,51.509963,-0.129797,1
Grange Langham Court Hotel,48.8687512,2.3001692,3
Radisson Blu Edwardian Hampshire,51.5151247,-0.1600656,1
Four Seasons Hotel George V Paris,48.8629329,2.3723823,3
The Marble Arch London,48.8712877,2.3191903,3
H tel Fabric,51.5044972,-0.0855562,1
H tel du Minist re,48.849147,2.3471935,3
Shangri La Hotel at The Shard London,48.855263,2.3305901,3
Hotel Les Bulles De Paris,48.8645647,2.2821827,3
Acad mie H tel Saint Germain,51.4938468,-0.1917582,1
Plaza Tour Eiffel,51.5090558,-0.1421661,1
Park Grand London Kensington,48.8740463,2.300196,3
Rocco Forte Brown s Hotel,48.8430891,2.4049867,3
Royal Hotel Champs Elys es,48.869143,2.3006526,3
Best Western Allegro Nation,51.4978466,-0.164156,1
Prince de Galles a Luxury Collection hotel Paris,48.8450894,2.3209503,3
The Beaufort,48.8710402,2.3248014,3
H tel La Parizienne by Elegancia,51.4892447,-0.1803196,1
Madeleine Plaza,48.8682978,2.3268027,3
Blakes Hotel,48.8547329,2.3395277,3
Castille Paris Starhotels Collezione,48.8694755,2.3046954,3
H tel D Aubusson,48.8354314,2.321142,3
Hotel Oscar,51.5373904,-0.0023367,1
Best Western Bretagne Montparnasse,51.5273442,-0.0796152,1
The Westbridge Hotel,51.511879,-0.118552,1
Courthouse Hotel Shoreditch,51.5197933,-0.1241844,1
ME London by Melia,51.4920287,-0.1917801,1
Grange Clarendon Hotel,48.8920485,2.3023791,3
Hotel Indigo London Kensington,51.4703604,-0.1779869,1
Novotel Paris 17,51.5162883,-0.1721078,1
Rafayel Hotel Spa,48.8535639,2.3360169,3
Norfolk Towers Paddington,48.8814425,2.3235592,3
Artus Hotel by MH,48.8825781,2.3334805,3
Best Western Premier Kapital Op ra,48.8716831,2.3123759,3
Timhotel Op ra Blanche Fontaine,48.8502052,2.289043,3
H tel Amastan Paris,51.521148,-0.171346,1
H tel Gustave,51.490724,-0.143868,1
Best Western Maitrise Hotel Edgware Road,48.8593152,2.3104179,3
Georgian House Hotel,51.5076899,-0.1471358,1
Best Western Tour Eiffel Invalides,51.4919083,-0.1684398,1
The Chesterfield Mayfair,48.8613055,2.2862823,3
My Chelsea,48.872174,2.328075,3
Eiffel Trocad ro,48.8737043,2.3061477,3
Hotel Saint Petersbourg Opera,48.8651994,2.3045076,3
H tel Champs lys es Plaza,48.8794682,2.3334957,3
Melia Paris Tour Eiffel,51.5055381,-0.1396885,1
Timhotel Op ra Grands Magasins,51.5146025,-0.1481978,1
Dukes Hotel,51.4815995,-0.1481053,1
Radisson Blu Edwardian Berkshire,51.5126488,-0.1803795,1
Pestana Chelsea Bridge Hotel Spa,48.8268251,2.2912033,3
Arbor Hyde Park,51.5149583,-0.0823869,1
Mercure Paris Porte De Versailles Expo,48.879314,2.3560185,3
Great St Helen Hotel,48.8632723,2.352691,3
Hotel Whistler,48.8811741,2.2948337,3
Hotel Georgette,48.8777895,2.2872498,3
Westside Arc de Triomphe Hotel,48.8708863,2.3382128,3
Etoile Saint Ferdinand,51.5743549,-0.0977567,1
H tel Saint Marc,48.8547161,2.306642,3
United Lodge Hotel and Apartments,48.8756359,2.3004967,3
H tel Le Walt,51.4911924,-0.1449474,1
H tel Le Royal Monceau Raffles Paris,51.522143,-0.153385,1
Eccleston Square Hotel,48.8684243,2.3036244,3
Nottingham Place Hotel,51.5110993,-0.1208673,1
Hotel Claridge Paris,48.8719889,2.3492913,3
Strand Palace Hotel,48.8691758,2.3205807,3
H tel L Echiquier Op ra Paris MGallery by Sofitel,51.4967399,-0.2064723,1
H tel De Castiglione,51.5196124,-0.1239628,1
Hilton London Olympia,51.5139692,-0.1828202,1
Grange Buckingham Hotel,51.5226361,-0.1602871,1
The Cleveland,48.8683133,2.3330851,3
Dorset Square Hotel,48.8772093,2.2968266,3
Edouard 7 Paris Op ra,51.4981471,-0.1436492,1
Renaissance Paris Arc de Triomphe Hotel,51.5101462,-0.1315061,1
Rubens At The Palace,51.4935083,-0.1834346,1
every hotel Piccadilly,48.827388,2.305478,3
Millennium Gloucester Hotel London,48.8553117,2.3254628,3
Novotel Suites Paris Expo Porte de Versailles,51.5139315,-0.1219893,1
K K H tel Cayr Saint Germain des Pr s,51.514573,-0.15666,1
Fielding Hotel,51.5210117,-0.2628618,1
DoubleTree by Hilton Hotel London Marble Arch,51.5139805,-0.1337948,1
Holiday Inn London West,48.8759461,2.3270955,3
The Soho Hotel,48.8742767,2.3426276,3
Le Grand H tel de Normandie,48.8648656,2.3295756,3
Monsieur Cadet Hotel Spa Ex Meyerhold Spa ,48.8694695,2.3208564,3
H tel de La Tamise Esprit de France,48.8723844,2.3088663,3
Buddha Bar Hotel Paris,48.8528427,2.3422256,3
Le A,48.8749511,2.3259532,3
Holiday Inn Paris Notre Dame,48.8630829,2.3378592,3
Mercure Paris Opera Garnier,48.8730552,2.3540112,3
Maison Albar Hotel Paris Op ra Diamond,48.8654532,2.3295231,3
Grand H tel Du Palais Royal,48.8745879,2.3188143,3
Best Western Aulivia Op ra,48.8675674,2.3539896,3
Renaissance Paris Vendome Hotel,48.8743885,2.2980915,3
Hotel Park Lane Paris,51.5172825,-0.0812451,1
Little Palace Hotel,51.5011704,-0.0232607,1
Napoleon Paris,48.8585626,2.3299138,3
Andaz London Liverpool Street,48.8381079,2.318669,3
Novotel London Canary Wharf,48.8346811,2.3255098,3
H tel de Lille,48.8687804,2.3610196,3
H tel Concorde Montparnasse,51.510237,-0.0764428,1
Suites H tel Helzear Montparnasse,51.4937409,-0.244896,1
Renaissance Paris Republique Hotel Spa,51.5125035,-0.1477438,1
citizenM Tower of London,51.5126758,-0.1867828,1
Chiswick Rooms,51.4986732,-0.1376867,1
Claridge s,48.8686434,2.2984054,3
La Suite West Hyde Park,48.8683593,2.3002117,3
St James Court A Taj Hotel London,48.8491801,2.3423357,3
Elys es R gencia,51.4981471,-0.1436492,1
H tel De Sers Champs Elys es Paris,51.515755,-0.1603335,1
Hotel le Lapin Blanc,51.4958184,-0.1813958,1
41,48.8799239,2.3288332,3
Shaftesbury Suites London Marble Arch,48.8488044,2.3469889,3
Grange Strathmore Hotel,48.8800565,2.3342353,3
H tel R de Paris Boutique Hotel,51.531979,-0.061598,1
Villa Panth on,51.5206309,-0.0915341,1
Trinit Haussmann,48.8644967,2.3405415,3
The RE London Shoreditch,48.8740668,2.3502172,3
London City Suites,51.5553678,-0.2864945,1
H tel Crayon Rouge by Elegancia,48.8471891,2.3260138,3
Mercure Paris Opera Grands Boulevards,48.8732068,2.3239015,3
St George s Hotel Wembley,48.8496819,2.3402806,3
Hotel Le Saint Gregoire,51.4202661,-0.211268,1
Le Mathurin Hotel Spa,51.510574,-0.1509951,1
H tel Saint Paul Rive Gauche,48.8570275,2.3170282,3
The Justin James Hotel,48.8488608,2.3315257,3
Millennium Hotel London Mayfair,51.5237209,-0.0806178,1
H tel de Varenne,51.5063709,-0.1515359,1
A La Villa Madame,51.5115509,-0.0714919,1
The Curtain,48.8777621,2.293177,3
45 Park Lane Dorchester Collection,51.5104696,-0.1265824,1
Grange Tower Bridge Hotel,48.8710709,2.3013119,3
Le Tsuba Hotel,51.5050165,-0.1049831,1
St Martins Lane A Morgans Original,48.8760884,2.3456465,3
H tel Barri re Le Fouquet s,51.5066991,-0.0280208,1
Novotel London Blackfriars,51.5180207,-0.1500567,1
Hotel Villa Lafayette Paris IX,48.8607764,2.3427564,3
Canary Riverside Plaza Hotel,51.5231564,-0.1035134,1
The Marylebone Hotel,51.5161286,-0.0624458,1
L Empire Paris,48.8691399,2.2981024,3
The Zetter Townhouse Clerkenwell,51.5182768,-0.1583511,1
The Whitechapel,48.8753359,2.3414617,3
Suites H tel Helzear Champs Elys es,48.8691325,2.3021659,3
St George Hotel,51.5127453,-0.1926437,1
Best Western Premier Op ra Faubourg Ex Hotel Jules ,48.8565629,2.3273623,3
Pershing Hall,48.8662695,2.3668616,3
The Premier Notting Hill,48.8816306,2.2992146,3
H tel Pont Royal,48.8583127,2.2795075,3
Le G n ral H tel,51.5154006,-0.0572364,1
H tel Th r se,51.5060237,-0.151078,1
Best Western Premier Trocadero La Tour,51.5065578,-0.004514,1
Holiday Inn London Whitechapel,51.504575,-0.082675,1
Washington Mayfair Hotel,51.5611271,-0.2787261,1
Radisson Blu Edwardian New Providence Wharf,48.8497618,2.3392336,3
Hilton London Tower Bridge,48.8801757,2.2859534,3
Novotel London Wembley,48.8722019,2.3030866,3
Le Relais M dicis,48.8688155,2.3305236,3
Les Jardins De La Villa Spa,48.8636049,2.3688352,3
Warwick Paris Former Warwick Champs Elysees ,48.8729639,2.3444899,3
Park Hyatt Paris Vendome,48.8701247,2.311141,3
My Home In Paris,48.8589516,2.3670407,3
Mercure Paris Op ra Faubourg Montmartre,48.8684776,2.3298238,3
Best Western Plus Elys e Secret,48.8758981,2.3590504,3
Villa Beaumarchais,48.8547869,2.3084819,3
H tel Mansart Esprit de France,48.870808,2.3372737,3
Holiday Inn Paris Gare de l Est,48.8645309,2.3315532,3
Le Cinq Codet,51.5140208,-0.0854919,1
La Maison Favart,51.5174853,-0.1372109,1
Le Pradey,51.5159214,-0.1598794,1
Threadneedles Autograph Collection,51.5124496,-0.1795215,1
Sanderson A Morgans Hotel,48.866242,2.3373169,3
The Arch London,48.8481917,2.3490316,3
Commodore Hotel,48.8769204,2.3069132,3
Golden Tulip Washington Opera,51.5131074,-0.1778707,1
Residence Henri IV,48.8659899,2.3674149,3
Hotel du Collectionneur Arc de Triomphe,48.8699731,2.2909401,3
The Westbourne Hyde Park,48.8966167,2.3434843,3
Hotel Le Mareuil,51.4572991,-0.2055425,1
Mercure Paris Champs Elys es,51.5123968,-0.186124,1
Best Western Le 18 Paris,51.5208155,-0.0915319,1
The Lodge Hotel Putney,48.8691409,2.3031503,3
Shaftesbury Hyde Park International,48.8364204,2.3603332,3
The Montcalm At Brewery London City,48.8303023,2.2842872,3
H tel Powers,51.5366053,-0.1919832,1
Villa Lut ce Port Royal,51.5054832,-0.0951196,1
Oceania Paris Porte De Versailles,51.5074007,-0.1524593,1
BEST WESTERN Maitrise Hotel Maida Vale,48.8571207,2.3805581,3
Novotel London City South,51.5360906,-0.1048176,1
The Dorchester Dorchester Collection,51.4963008,-0.1796853,1
Mercure Paris Bastille Marais,48.8689468,2.3026559,3
Hilton London Angel Islington,48.8520377,2.3557092,3
Fifty Four Boutique Hotel,51.5152892,-0.160898,1
Chateau Frontenac,51.5045326,-0.2191174,1
H tel Du Jeu De Paume,48.8673099,2.2856528,3
The Sumner Hotel,51.5153672,-0.1783271,1
W12 Rooms,48.8819068,2.3410005,3
Renaissance Paris Le Parc Trocadero Hotel,48.8447938,2.3524462,3
Shaftesbury Premier London Paddington,51.5140329,-0.1320651,1
Hotel Carlton s Montmartre,48.8648997,2.3469433,3
Hotel Monge,51.516843,-0.1495574,1
Mimi s Hotel Soho,51.5039399,-0.2244232,1
Victoires Opera,51.5133832,-0.1926617,1
Holiday Inn London Oxford Circus,48.8680055,2.3260075,3
Dorsett Shepherds Bush,48.8566336,2.2852607,3
New Linden Hotel,48.865467,2.3038811,3
Le Burgundy Paris,48.8729666,2.2926226,3
Hotel Sezz Paris,48.8370334,2.372322,3
Hotel Montaigne,51.5143447,-0.1318157,1
Hotel Royal Elys es,51.4982412,-0.1134715,1
Mercure Paris Bercy Biblioth que,51.5241373,-0.0786983,1
Hazlitt s,48.8732785,2.3004174,3
Park Plaza London Waterloo,48.8457587,2.3243071,3
citizenM London Shoreditch,48.8750119,2.3416769,3
H tel Balzac,48.8714152,2.3239679,3
Victoria Palace Hotel,48.8854538,2.3335809,3
Hotel Eug ne en Ville,48.870994,2.3235329,3
Newhotel Roblin,48.8396395,2.2663056,3
Le Relais Montmartre,48.8759855,2.293938,3
Amarante Beau Manoir,48.8716017,2.3349768,3
Hotel Maison FL,48.8820046,2.2818538,3
Balmoral Champs Elys es,48.883631,2.3257643,3
The Chess Hotel,48.8797513,2.2919634,3
AC Hotel Paris Porte Maillot by Marriott,48.8382542,2.2903494,3
B Montmartre,48.8498439,2.3244253,3
H tel Regent s Garden,45.488764,9.183057,4
Mercure Paris 15 Porte de Versailles,51.5076044,-0.132266,1
Hotel Le Placide Saint Germain Des Pr s,51.5017224,-0.1846243,1
Hotel VIU Milan,51.5322508,-0.1095714,1
Sofitel London St James,48.8741002,2.3426357,3
Baglioni Hotel London The Leading Hotels of the World,51.4956883,-0.1827878,1
DoubleTree by Hilton London Islington,51.5160988,-0.1181749,1
Nell Hotel Suites,48.8500283,2.2834126,3
Rydges Kensington Hotel,48.8465653,2.4102405,3
Club Quarters Hotel Lincoln s Inn Fields,48.8735135,2.3217457,3
Novotel Paris Centre Tour Eiffel,48.8599998,2.3087425,3
Best Western Plus 61 Paris Nation Hotel,51.4924184,-0.2784701,1
Hotel Monsieur,51.527262,-0.282992,1
Hotel Saint Dominique,48.8672474,2.33738,3
Clayton Hotel Chiswick,51.5634756,-0.2042758,1
Park Plaza London Park Royal,48.8706373,2.2982095,3
Hotel Malte Astotel,48.850448,2.2928845,3
Best Western Palm Hotel,48.849574,2.3798518,3
InterContinental Paris Avenue Marceau,48.8612535,2.3426256,3
Mercure Tour Eiffel Grenelle,51.5121957,-0.1318384,1
Mercure Paris Bastille Saint Antoine,48.8820838,2.3315849,3
Boutique H tel Konfidentiel,48.8534026,2.3299043,3
The Piccadilly London West End,48.888539,2.3498459,3
R Kipling by Happyculture,51.5158643,-0.1200625,1
Hotel Des Saints Peres Esprit de France,51.5022081,-0.1599428,1
Best Western Hotel Montmartre Sacr Coeur,48.8823141,2.3316688,3
Kingsway Hall Hotel,51.4953691,-0.1818966,1
Mandarin Oriental Hyde Park London,48.8836255,2.3340538,3
H tel Jos phine by Happyculture,51.5100916,-0.1359431,1
Radisson Blu Edwardian Vanderbilt,48.8330649,2.2879617,3
Hotel Le Chat Noir,51.4942654,-0.1366026,1
Hotel Cafe Royal,51.4948416,-0.1772056,1
Mercure Vaugirard Paris Porte De Versailles,48.8550298,2.3332104,3
Grange Rochester Hotel,51.5061587,-0.1402803,1
Gainsborough Hotel,51.5160484,-0.0880181,1
H tel Bel Ami,51.5021027,-0.187901,1
St James Hotel Club Mayfair,48.8732788,2.3466576,3
Apex London Wall Hotel,48.8708419,2.3605864,3
Seraphine Kensington Gardens Hotel,48.8482842,2.3657251,3
Hotel de Nell,51.5127964,-0.0847973,1
9Hotel Republique,51.5196913,-0.1254243,1
Goralska R sidences H tel Paris Bastille,51.5108412,-0.0780581,1
Club Quarters Hotel Gracechurch,48.8501522,2.3392782,3
Grange Blooms Hotel,48.8671391,2.3038447,3
DoubleTree by Hilton Hotel London Tower of London,48.8746066,2.3167195,3
H tel Baume,48.8723438,2.3033378,3
Hotel West End,48.8515198,2.3486511,3
Arioso,48.8772493,2.3543043,3
H tel Lancaster Paris Champs Elys es,48.863828,2.3519345,3
Melia Paris Notre Dame,48.8503276,2.2982022,3
Hotel Mademoiselle,48.8701887,2.2997281,3
Hotel Les Bains Paris,48.886687,2.3449332,3
Hotel Ares Eiffel,48.8808779,2.2989756,3
Francois 1er,51.5077198,0.0229805,1
H tel Montmartre Mon Amour,48.8711365,2.3050482,3
Hotel Monceau Wagram,51.5052587,-0.099176,1
Novotel London Excel,48.8536854,2.3805796,3
Paris Marriott Champs Elysees Hotel,51.4944319,-0.1363756,1
Mercure London Bridge,48.8605219,2.3680239,3
H tel Exquis by Elegancia,51.5220522,-0.132414,1
Grange Wellington Hotel,51.5157316,-0.1802179,1
Les Jardins Du Marais,51.5166887,-0.1706147,1
Hotel Cavendish,48.8719212,2.2971404,3
Park Grand London Hyde Park,48.8416787,2.3022862,3
Shaftesbury Metropolis London Hyde Park,48.8382916,2.3230188,3
Radisson Blu Champs Elys es Paris,48.8595985,2.3088076,3
Hotel Eiffel Blomet,51.4947754,-0.177789,1
Holiday Inn Paris Gare Montparnasse,48.8506499,2.2750873,3
H tel Thoumieux,51.5188,-0.153839,1
The Exhibitionist Hotel,51.5151149,-0.1743857,1
Auteuil Tour Eiffel,51.5052188,-0.088166,1
Ten Manchester Street Hotel,48.8605031,2.3006606,3
Mercure London Hyde Park,51.513055,-0.152257,1
London Bridge Hotel,48.8321231,2.3536172,3
Derby Alma,48.8546989,2.3691899,3
The Beaumont Hotel,51.506935,-0.126012,1
Mercure Paris Gobelins Place d Italie,51.506935,-0.126012,1
H tel Original Paris,51.5095259,-0.1967234,1
The Grand at Trafalgar Square,48.8607299,2.3465326,3
Club Quarters Hotel Trafalgar Square,48.8668228,2.3257729,3
The Laslett,48.8668048,2.3039465,3
Novotel Paris Les Halles,48.8698184,2.3208729,3
Melia Paris Vendome,48.8597024,2.3239701,3
Chambiges Elys es,48.8573706,2.3314669,3
MARQUIS Faubourg St Honor Relais Ch teaux,48.8728492,2.3073663,3
H tel Le Bellechasse Saint Germain,48.8657687,2.3090386,3
Hotel Verneuil Saint Germain,48.866676,2.3089908,3
Hotel Daniel Paris,48.8785454,2.3384866,3
Residence Du Roy,51.4901051,-0.1381355,1
La Maison Champs Elys es,51.5265353,-0.1361682,1
H tel Arvor Saint Georges,48.8794646,2.2849548,3
The Belgrave Hotel,51.5255136,-0.082927,1
TheWesley,51.5077459,-0.1378733,1
Le M ridien Etoile,51.5460628,-0.0700817,1
The Hoxton Shoreditch,51.5195857,-0.1584803,1
The Cavendish London,48.8647019,2.2886425,3
Avo Hotel,51.4926269,-0.2288598,1
Hotel 82 London,48.8636168,2.3607998,3
La Clef Tour Eiffel,48.8384558,2.3805885,3
Best Western Plus Seraphine Hammersmith Hotel,51.522672,-0.1036841,1
La Chambre du Marais,51.509841,-0.1552193,1
Novotel Paris Centre Bercy,48.8427364,2.3672171,3
The Zetter Hotel,48.8622723,2.3495707,3
Grosvenor House Suites by Jumeirah Living,48.8663089,2.289609,3
Hotel OFF Paris Seine,51.4992789,-0.2090733,1
Snob Hotel by Elegancia,51.4933372,-0.1788931,1
Sofitel Paris Baltimore Tour Eiffel,48.8776756,2.3493159,3
88 Studios,48.8738672,2.3005894,3
Adria Boutique Hotel,51.4910062,-0.1717691,1
Best Western Premier Faubourg 88,51.517608,-0.1276253,1
Hotel De Vigny,48.8519208,2.338878,3
Sydney House Chelsea,51.4940285,-0.1910497,1
Radisson Blu Edwardian Bloomsbury Street,48.8794223,2.2957628,3
H tel Le Relais Saint Germain,48.8796596,2.3209155,3
Hotel Moonlight,48.8696173,2.3346428,3
Villa Alessandra,48.8795947,2.3280695,3
Ibis Styles Paris Gare Saint Lazare,48.8726814,2.3020866,3
Golden Tulip Opera de Noailles,48.8497553,2.3467616,3
Best Western Premier Op ra Li ge,48.8816073,2.3371648,3
H tel Cristal Champs Elys es,48.8538608,2.3429487,3
Best Western Le Jardin de Cluny,48.853299,2.337993,3
Le Pigalle Hotel,48.8454447,2.3242814,3
Relais H tel du Vieux Paris,48.8438998,2.3294858,3
Victoire Germain,48.849758,2.3095213,3
Le Littr ,51.5112451,-0.1808938,1
Hotel Le Sainte Beuve,48.846837,2.3258066,3
Hotel Villa Saxe Eiffel,48.8474426,2.3223783,3
Thistle Hyde Park,48.8724945,2.3091549,3
Holiday Inn Paris Saint Germain des Pr s,51.5201065,-0.1221393,1
Hotel Spa La Belle Juliette,48.8603599,2.3230778,3
Rochester Champs Elysees,48.8710895,2.3393461,3
DoubleTree by Hilton London West End,48.8803479,2.2858242,3
Hotel d Orsay Esprit de France,51.4942305,-0.1851141,1
Mercure Paris Opera Louvre,51.5179725,-0.1280495,1
La Villa des Ternes,48.874853,2.3245798,3
Holiday Inn London Kensington Forum,48.8672694,2.2878666,3
Radisson Blu Edwardian Kenilworth,48.8252307,2.3569005,3
H tel Monna Lisa Champs Elys es,48.8694768,2.3515065,3
H tel Waldorf Trocad ro,48.8837472,2.3186342,3
Best Western Amiral Hotel,51.5298597,-0.1444623,1
Hotel Les Th tres,52.3544507,4.8875036,3
Mercure Paris 17 me Saint Lazare Monceau,51.5131979,-0.1174504,1
Melia White House Hotel,52.3466449,4.8310984,3
Sir Albert Hotel,48.2264063,16.3600628,4
The Waldorf Hilton,45.4521067,9.1758135,4
Corendon Vitality Hotel Amsterdam,48.1996129,16.3773546,4
Hotel Bellevue Wien,48.2105243,16.3683592,4
Maison Borella,48.2062268,16.3833767,4
Hotel Am Konzerthaus Vienna MGallery by Sofitel,41.378751,2.17873,2
Park Hyatt Vienna,52.3663466,4.8985764,3
Hilton Vienna,41.4031654,2.1231637,2
Catalonia Port,52.3607413,4.8695315,3
Hampshire Hotel Rembrandt Square Amsterdam,48.2040859,16.3725046,4
Eurostars Angli,48.204183,16.3726664,4
Pillows Anna van den Vondel Amsterdam,52.3504558,4.8770194,3
Schlosshotel R mischer Kaiser,52.350396,4.8756404,3
Hotel Mailberger Hof,52.351381,4.872723,3
Best Western Delphi Hotel,52.3486098,4.8844292,3
Apollofirst Boutique Hotel,41.3846637,2.1740902,2
Hilton Amsterdam,52.3312406,4.8774466,3
Apollo Hotel Amsterdam,41.3873478,2.1603987,2
Catalonia Catedral,41.3880549,2.1599602,2
Element Amsterdam,52.3856494,4.834443,3
Axel Hotel Barcelona Urban Spa Adults Only,48.2134246,16.3831309,4
Cram,48.2083518,16.354532,4
Urban Lodge Hotel,41.3919114,2.1765438,2
Novotel Wien City,41.393227,2.1927427,2
The Levante Parliament A Design Hotel,41.4109715,2.2186535,2
Room Mate Gerard,41.4038774,2.1911894,2
H10 Marina Barcelona,41.4036219,2.1902808,2
Barcelona Princess,41.3899609,2.135684,2
Novotel Barcelona City,41.3944029,2.150194,2
The Gates Diagonal Barcelona,41.3941338,2.1489569,2
AC Hotel Diagonal L Illa a Marriott Lifestyle Hotel,41.388682,2.1316368,2
Wilson Boutique Hotel,41.3933943,2.1461315,2
NH Hesperia Barcelona Presidente,41.3835246,2.1096141,2
Hilton Barcelona,41.3860183,2.19473,2
Vincci Mae,41.3837583,2.1846933,2
Fairmont Rey Juan Carlos I,41.4110056,2.1866009,2
Pullman Barcelona Skipper,41.3747031,2.1707106,2
Hotel Ciutadella Barcelona,41.39367,2.1115418,2
Catalonia Atenas,41.3725246,2.1540788,2
Tryp Barcelona Apolo Hotel,41.3795572,2.1425457,2
Sansi Pedralbes,41.3810311,2.1455516,2
Crowne Plaza Barcelona Fira Center,41.3815028,2.1449138,2
Gran Hotel Torre Catalunya,41.3844072,2.1514584,2
H10 Itaca,41.391058,2.141706,2
Hotel Abbot,41.4106944,2.136294,2
Sercotel Amister Art Hotel Barcelona,41.3849613,2.1756666,2
Melia Barcelona Sarri ,41.3935591,2.1993915,2
ABaC Restaurant Hotel Barcelona GL Monumento,41.375237,2.1684058,2
Col n Hotel Barcelona,41.3807517,2.1772425,2
Hotel SB Icaria Barcelona,41.408641,2.1478143,2
Hotel Barcelona Universal,41.3917169,2.1592614,2
Aparthotel Arai 4 Superior,41.392095,2.158493,2
NH Collection Barcelona Podium,41.3938632,2.1568039,2
Hotel Ronda Lesseps,51.4997486,-0.1615242,1
Hotel Barcelona Center,48.191373,16.4082294,4
Olivia Balmes Hotel,51.5294411,-0.1233745,1
Catalonia Diagonal Centro,52.3677568,4.8682174,3
The Capital,41.3893478,2.1209755,2
Vienna Sporthotel,41.3865289,2.1682919,2
Megaro Hotel,41.3858891,2.1681652,2
Hotel De Hallen,41.386136,2.1682914,2
AC Hotel Victoria Suites a Marriott Lifestyle Hotel,41.4337561,2.147327,2
Catalonia Plaza Catalunya,51.5179659,-0.1234343,1
Hotel Regina,48.2216779,16.3567111,4
Hotel Pulitzer,51.5144418,-0.146432,1
Hotel Alimara,41.3812223,2.1739622,2
Thistle Holborn The Kingsley,41.3846844,2.1791065,2
Hotel Boltzmann,48.2035677,16.356445,4
The Westbury A Luxury Collection Hotel Mayfair London,51.4689559,-0.1787256,1
Petit Palace Boqueria Garden,51.5144004,-0.1565506,1
Mercer House B ria BCN,51.498861,-0.1374897,1
Hotel ViennArt am Museumsquartier,48.204576,16.3563661,4
Crowne Plaza London Battersea,41.3986093,2.1625037,2
Amba Hotel Marble Arch,41.3944574,2.1564353,2
Taj 51 Buckingham Gate Suites and Residences,51.4973568,-0.1576728,1
Hotel Sans Souci Wien,41.3802469,2.1541149,2
Catalonia La Pedrera,41.37913,2.1561186,2
Ohla Eixample,41.3283758,2.1129638,2
Jumeirah Carlton Tower,41.3948175,2.1434702,2
Hotel Villa Emilia,41.384829,2.1751277,2
TWO Hotel Barcelona by Axel 4 Sup Adults Only,41.3904305,2.1262314,2
Hotel Best Western PLUS Alfa Aeropuerto,51.5222472,-0.1426128,1
AC Hotel Irla a Marriott Lifestyle Hotel,41.3777977,2.1135971,2
Hotel Barcelona Catedral,51.5291423,-0.1372782,1
Arenas Atiram Hotels,51.5101556,-0.1496314,1
Holiday Inn London Regent s Park,41.3929366,2.1653954,2
Senator Barcelona Spa Hotel,41.4253332,2.1211028,2
Thistle Euston,41.3961021,2.1794688,2
The Connaught,51.474469,-0.019428,1
Room Mate Anna,52.3696719,4.8614475,3
Gran Hotel La Florida,51.4756558,-0.1813888,1
Ayre Hotel Caspe,48.2058584,16.3766545,4
Doubletree By Hilton London Greenwich,41.3859873,2.1514021,2
Chasse Hotel,41.3895237,2.1490307,2
The Chelsea Harbour Hotel,41.4006653,2.1787089,2
Palais Coburg Residenz,41.376801,2.1460443,2
Zenit Borrell,51.5110114,-0.0771251,1
U232 Hotel,51.5241248,-0.1258066,1
Eurostars Monumental,41.3930406,2.1545393,2
Pestana Arena Barcelona,45.4758842,9.205791,4
Grange City Hotel,45.4794406,9.2096756,4
Holiday Inn London Bloomsbury,45.4858877,9.2042827,4
The Mirror Barcelona,45.4682358,9.2073799,4
Worldhotel Cristoforo Colombo,45.473348,9.1910733,4
IH Hotels Milano Puccini,45.4580781,9.1924205,4
Best Western Hotel City,45.4572218,9.1937008,4
Ch teau Monfort Relais Ch teaux,45.4529643,9.1962217,4
Palazzo Parigi Hotel Grand Spa Milano,45.4642651,9.1960569,4
Hotel Lloyd,45.4769923,9.1844899,4
Hotel Romana Residence,45.46676,9.194293,4
Hotel Crivi s,45.4656023,9.1778675,4
Hotel Galileo,45.4848809,9.1596461,4
Carlyle Brera Hotel,45.4867005,9.1575137,4
Boscolo Milano Autograph Collection,41.4126508,2.2090895,2
Mokinba Hotels King,41.3885274,2.1360471,2
Qualys Hotel Nasco,52.3727067,4.8943658,3
Enterprise Hotel Design Boutique,52.377278,4.897818,3
Tryp Barcelona Condal Mar Hotel,52.373704,4.893591,3
NH Collection Barcelona Constanza,52.3735266,4.8933041,3
NH Collection Amsterdam Grand Hotel Krasnapolsky,48.2133296,16.3471399,4
Park Plaza Victoria Amsterdam,52.3351951,4.8885354,3
Hotel Amsterdam De Roode Leeuw,52.314371,4.9388064,3
Swiss tel Amsterdam,52.3511137,4.8411629,3
City Rooms,41.3827,2.1791999,2
Holiday Inn Amsterdam,48.2114567,16.3738677,4
Jaz Amsterdam,41.4061636,2.2008956,2
Best Western Premier Hotel Couture,52.3511447,4.8740764,3
Mercer Hotel Barcelona,41.3861153,2.1611899,2
Mercure Vienna First,41.3897945,2.1660575,2
Melia Barcelona Sky 4 Sup,41.3908486,2.1680745,2
Bilderberg Garden Hotel,41.3888014,2.1653738,2
Ako Suites Hotel,52.3923684,4.9110442,3
Eurostars Cristal Palace,41.4002812,2.1297427,2
HCC St Moritz,41.3959587,2.2008981,2
Petit Palace Museum,48.231911,16.4129493,4
NH Amsterdam Noord,48.2078955,16.3701084,4
Primero Primera,41.3781685,2.1786627,2
Hotel 4 Barcelona,52.36513,4.8729422,3
Melia Vienna,52.364962,4.873495,3
Graben Hotel,41.3832414,2.1685298,2
Medinaceli,51.5590955,-0.284704,1
Grand Hotel Downtown,48.2273013,16.4001791,4
Amadi Park Hotel,41.392018,2.157066,2
Hotel Casa Camper,41.391843,2.156844,2
Holiday Inn London Wembley,51.603207,0.010607,1
Austria Trend Hotel Lassalle Wien,41.4014399,2.2100745,2
H10 Art Gallery 4 Sup,52.333803,4.8884708,3
Hotel Granados 83,51.5267769,-0.1324905,1
Best Western PLUS Epping Forest,51.507377,0.038657,1
NH Hesperia Barcelona del Mar,48.2051299,16.369036,4
Novotel Amsterdam City,48.1949694,16.3692624,4
St Pancras Renaissance Hotel London,48.1983543,16.3375246,4
DoubleTree By Hilton London Excel,52.3497431,4.8911908,3
The Guesthouse Vienna,52.3487635,4.8938829,3
Hotel Johann Strauss,48.1513676,16.4064709,4
Hotel Mercure Wien Westbahnhof,52.3451511,4.9252372,3
Savoy Hotel Amsterdam,48.2114087,16.3746469,4
Hotel Okura Amsterdam,48.1975497,16.3686397,4
Hotel Eitlj rg,48.2565936,16.4031426,4
Hotel V Fizeaustraat,51.481663,-0.1909565,1
Mercure Wien Zentrum,45.4644348,9.1952727,4
Best Western Premier Kaiserhof Wien,52.3357326,4.8743947,3
FourSide Hotel Suites Vienna,51.5179386,-0.1529794,1
Millennium Copthorne Hotels at Chelsea Football Club,48.200561,16.3647063,4
IH Hotels Milano Ambasciatori,41.3991773,2.1656134,2
Crowne Plaza Amsterdam South,41.3732462,2.1474351,2
Durrants Hotel,41.3841429,2.1616896,2
Mercure Secession Wien,41.3927101,2.1722139,2
Hotel Well and Come,41.3915897,2.1720108,2
City Hotel Deutschmeister,41.3831641,2.1604736,2
Ayre Hotel Gran V a,41.3842608,2.1609471,2
Sunotel Central,41.3891168,2.1671986,2
Silken Gran Hotel Havana,41.390913,2.1706981,2
Cotton House Hotel Autograph Collection,41.391362,2.1700953,2
Hotel Vueling Bcn by HC,41.3901396,2.1696699,2
H10 Casanova,41.3916258,2.1716378,2
Avenida Palace,41.392344,2.1729157,2
Acta Atrium Palace,41.3935967,2.1742718,2
Hotel Indigo Barcelona Plaza Catalunya,51.514879,-0.1606501,1
Catalonia Passeig de Gr cia 4 Sup,48.1825159,16.3322428,4
Hotel Palace GL,48.2196722,16.3863588,4
Grupotel Gran Via 678,51.511579,-0.1500193,1
Hotel Casa Bonay,48.1791893,16.3625367,4
The Cumberland A Guoman Hotel,41.4017465,2.1477365,2
FourSide Hotel Vienna City Center,48.1629737,16.3404024,4
Hotel Vienna,48.2082256,16.3684123,4
London Marriott Hotel Grosvenor Square,48.2112491,16.3776519,4
Rainers Hotel Vienna,51.5064607,-0.1454198,1
Pol Grace Hotel,51.5064534,-0.1456146,1
Austria Trend Hotel Bosei Wien,51.4988977,-0.1562015,1
Pertschy Palais Hotel,51.504439,-0.149911,1
Alma Boutique Hotel,48.2140659,16.4217627,4
Flemings Mayfair,51.5213303,-0.2915052,1
Hilton London Green Park,48.2199427,16.3598984,4
COMO The Halkin,52.357655,4.844576,3
Four Seasons Hotel London at Park Lane,52.3718665,4.8873794,3
Hilton Vienna Danube Waterfront,52.369391,4.8871721,3
Hotel 55,52.3653868,4.8931979,3
The Harmonie Vienna,52.364768,4.896945,3
Hotel Park Villa,48.2195864,16.3255339,4
WestCord Fashion Hotel Amsterdam,48.2238463,16.3138357,4
The Hoxton Amsterdam,48.2097958,16.3658705,4
Ambassade Hotel,48.2101211,16.3655537,4
Banks Mansion All Inclusive Hotel,48.1667886,16.344908,4
Waldorf Astoria Amsterdam,48.1866506,16.3023375,4
Senator Hotel Vienna,48.1877942,16.2727214,4
Hotel J ger,48.1585332,16.3451115,4
Steigenberger Hotel Herrenhof,52.3560923,4.8858229,3
Radisson Blu Style Hotel Vienna,48.1640345,16.3216061,4
Hilton Garden Inn Vienna South,51.5051084,-0.213266,1
Austria Trend Parkhotel Sch nbrunn Wien,48.2152663,16.376103,4
Club Hotel Cortina,52.3101182,4.9472918,3
Arion Cityhotel Vienna und Appartements,52.3096835,4.9422614,3
NH Amsterdam Museum Quarter,51.50303,-0.15242,1
Gartenhotel Altmannsdorf Hotel 1,52.3588806,4.9886041,3
Hilton London Kensington Hotel,52.3846059,4.8941866,3
Hotel Mercure Wien City,51.475172,-0.1870629,1
Courtyard by Marriott Amsterdam Arena Atlas,41.3835584,2.178311,2
Holiday Inn Amsterdam Arena Towers,52.3595919,4.8801587,3
The Lanesborough,52.3599196,4.8810128,3
Amadi Panorama Hotel,41.3830582,2.1778267,2
Room Mate Aitana,41.3862689,2.1291786,2
DoubleTree by Hilton London Chelsea,52.335182,4.9138688,3
Hotel G tico,48.1537005,16.2825822,4
Hotel JL No76,48.2145071,16.2845042,4
Bilderberg Hotel Jan Luyken,48.2019865,16.3789934,4
Gran Hotel Barcino,52.3417894,4.824952,3
Aparthotel Atenea Barcelona,48.2085627,16.3541687,4
Mercure Hotel Amsterdam City South,41.4114188,2.211756,2
Am Spiegeln,48.2105156,16.3760717,4
Hotel Gallitzinberg,48.2024907,16.3702656,4
InterContinental Wien,48.2012505,16.3731255,4
Dutch Design Hotel Artemis,48.2017091,16.3710205,4
Mercure Josefshof Wien,48.2021105,16.3720841,4
Fleming s Selection Hotel Wien City,48.2057193,16.3710878,4
Cordial Theaterhotel Wien,48.2044655,16.3702399,4
Vincci Bit,48.2062103,16.3710387,4
Hollmann Beletage Design Boutique,48.1824271,16.3808291,4
Hotel Bristol A Luxury Collection Hotel,52.3047669,4.9476868,3
Hotel Imperial A Luxury Collection Hotel,52.377955,4.894641,3
The Ring Vienna s Casual Luxury Hotel,52.3763099,4.8862701,3
Grand Hotel Wien,52.3758754,4.8859642,3
Hotel Ambassador,52.3654686,4.8798713,3
Austria Trend Hotel Astoria Wien,51.531427,-0.126133,1
Austria Trend Hotel Europa Wien,51.480672,-0.0071375,1
Hotel Schani Wien,48.2031622,16.3561999,4
Ozo Hotel,48.2047761,16.3512515,4
Renaissance Amsterdam Hotel,48.2185837,16.3881339,4
Canal House,52.3542655,4.8664365,3
The Toren,41.3827894,2.1715636,2
The Dylan Amsterdam,41.3834673,2.1712016,2
Great Northern Hotel A Tribute Portfolio Hotel London,41.3843222,2.1712893,2
De Vere Devonport House,41.3780983,2.1762005,2
K K Hotel Maria Theresia,51.5576962,-0.2835263,1
Small Luxury Hotel Altstadt Vienna,51.5119446,-0.179939,1
Der Wilhelmshof,51.5120219,-0.1762414,1
Park Plaza Vondelpark Amsterdam,51.5119446,-0.179939,1
Hotel Bagu s,48.1964001,16.3958668,4
Hotel 1898,48.1923791,16.3994512,4
Hotel Serhs Rivoli Rambla,48.2038688,16.3887039,4
Eurostars Ramblas,48.2075294,16.3525967,4
Hilton London Wembley,45.4630685,9.1979367,4
Corus Hotel Hyde Park,45.4738012,9.2239702,4
London Elizabeth Hotel,41.3842838,2.1707092,2
Lancaster London,52.3793659,4.8457179,3
Hotel Daniel Vienna,52.363889,4.881302,3
Eurostars Embassy,41.4101934,2.1695574,2
BEST WESTERN PLUS Amedia Wien,48.2064745,16.3546297,4
Mercure Grand Hotel Biedermeier Wien,48.210285,16.373579,4
Hotel Rathaus Wein Design,52.3591467,4.9263601,3
NH Collection Milano President,48.1940487,16.2971831,4
Hotel Dieci,41.3957584,2.1822402,2
Royal Ramblas,41.4082054,2.2124626,2
Best Western Blue Tower Hotel,51.5016102,-0.1191545,1
Hampshire Hotel Amsterdam American,41.406146,2.2008636,2
Ilunion Bel Art,41.4006708,2.2087844,2
25hours Hotel beim MuseumsQuartier,41.3897735,2.1419762,2
Hotel Topazz,41.3900104,2.1422396,2
Hampshire Hotel The Manor Amsterdam,51.4993652,-0.1576613,1
Hotel Kavalier,41.3861283,2.1745291,2
Ofelias Hotel 4 Sup,41.3792053,2.1427989,2
Vincci Maritimo,41.3890578,2.1565948,2
London Marriott Hotel County Hall,41.3894195,2.1564886,2
The Level at Melia Barcelona Sky,41.3910621,2.1593373,2
Eurohotel Diagonal Port,41.3931918,2.16152,2
Hotel Derby,41.3945074,2.1632659,2
Hotel Gran Derby Suites,41.3962658,2.1662153,2
Jumeirah Lowndes Hotel,51.5165165,-0.1509735,1
Catalonia Magdalenes,51.6068054,0.0590416,1
Expo Hotel Barcelona,41.39038,2.121,2
The Corner Hotel,48.1868107,16.3440157,4
Best Western Premier Hotel Dante,48.1935593,16.3616098,4
Hotel Balmes,48.1899743,16.3567007,4
Alexandra Barcelona A DoubleTree by Hilton,48.1965878,16.3413729,4
Alma Barcelona GL,48.2008957,16.3592496,4
Room Mate Carla,48.2002872,16.3547746,4
The Mandeville Hotel,48.1990335,16.3525051,4
Hallmark Hotel London Chigwell Prince Regent,48.1979979,16.3483314,4
Upper Diagonal,41.3982129,2.1494179,2
Falkensteiner Hotel Wien Margareten,41.3865424,2.1969665,2
Holiday Inn Vienna City,48.1945297,16.340327,4
pentahotel Vienna,48.1756283,16.4200957,4
IntercityHotel Wien,52.385601,4.8470597,3
Boutiquehotel Das Tyrol,41.371308,2.181698,2
NH Wien City,48.19183,16.3770876,4
Hotel Corvinus,41.3936071,2.1504611,2
NH Collection Wien Zentrum,41.3985449,2.1438237,2
Aparthotel Mariano Cubi Barcelona,41.4034965,2.1370426,2
Hotel Arts Barcelona,52.3872884,4.8349748,3
Leonardo Hotel Vienna,52.4001813,4.8936653,3
JUFA Hotel Wien,52.3711037,4.8936787,3
Golden Tulip Amsterdam West,48.1995177,16.3388225,4
Eurostars Grand Marina Hotel GL,48.2006001,16.3386333,4
Pakat Suites Hotel,48.251195,16.2989165,4
Guitart Grand Passage,41.383515,2.1407396,2
Hotel Rekord,52.3678779,4.8948936,3
Catalonia Barcelona 505,52.3681919,4.8957609,3
Mercure Amsterdam Sloterdijk Station,52.3741426,4.8907741,3
DoubleTree by Hilton Hotel Amsterdam NDSM Wharf,52.3754926,4.8929878,3
Hotel V Nesplein,52.3760456,4.8943917,3
Fleming s Conference Hotel Wien,51.5104624,-0.0795502,1
ARCOTEL Wimberger,52.3611852,4.8936341,3
Hotel Schild,41.3780229,2.1730782,2
Acta CITY47,41.3825777,2.1400103,2
De L Europe Amsterdam,41.384591,2.1378107,2
NH Collection Amsterdam Doelen,51.5050355,-0.1500864,1
Hotel Die Port van Cleve,51.5083719,0.0355768,1
INK Hotel Amsterdam MGallery by Sofitel,51.511174,-0.1349904,1
Inntel Hotels Amsterdam Centre,52.376752,4.904618,3
Apex City Of London Hotel,48.2026449,16.3671054,4
Mercure Hotel Amsterdam Centre Canal District,48.2149414,16.3365285,4
Onix Liceo,52.3375677,4.8178172,3
Abba Sants,52.3702613,4.9032489,3
NH Sants Barcelona,52.370835,4.895403,3
COMO Metropolitan London,52.3840358,4.9028572,3
Aloft London Excel,41.3727844,2.1721134,2
Ham Yard Hotel,41.3971434,2.1921947,2
DoubleTree by Hilton Amsterdam Centraal Station,41.3969273,2.192267,2
Das Opernring Hotel,52.3714428,4.9346331,3
Exe Vienna,48.2000165,16.3641802,4
Mercure Hotel Amsterdam West,41.3747873,2.1611846,2
Luxury Suites Amsterdam,51.5082019,-0.1545589,1
Sofitel Legend The Grand Amsterdam,48.2056333,16.3778615,4
Sir Adam Hotel,48.2050967,16.3770928,4
Hotel Grums Barcelona,41.3815625,2.1838458,2
Hotel Spa Villa Olimpica Suites,41.3918805,2.1660363,2
Sall s Hotel Pere IV,41.3935497,2.1627098,2
Hampton by Hilton Amsterdam Centre East,41.3939082,2.1622556,2
Hotel Beethoven Wien,41.4023621,2.2119049,2
Roomz Vienna,41.4037972,2.213767,2
Silken Concordia,41.4101306,2.2188047,2
Grosvenor House A JW Marriott Hotel,41.3798658,2.1805271,2
Hotel Am Parkring,41.3801815,2.180688,2
Vienna Marriott Hotel,41.3907208,2.1660732,2
H10 Port Vell 4 Sup,41.391393,2.1668467,2
Hotel Margot House,41.3980162,2.1581229,2
Condes de Barcelona,41.3930168,2.1646148,2
Monument Hotel,41.3935179,2.1639813,2
Occidental Atenea Mar Adults Only,41.3946775,2.162638,2
Hotel Front Maritim,41.3866227,2.1840722,2
AC Hotel Barcelona Forum a Marriott Lifestyle Hotel,41.3775577,2.1384686,2
Duquesa de Cardona,41.4084334,2.2178205,2
Hotel The Serras,48.2217697,16.3578738,4
Eurostars Bcn Design,41.3944848,2.1651078,2
Mandarin Oriental Barcelona,41.3962106,2.1621171,2
Hotel Casa Fuster G L Monumento,41.3856387,2.1668274,2
Sixtytwo Hotel,41.3856173,2.1659487,2
Majestic Hotel Spa Barcelona GL,48.1979514,16.336318,4
Royal Passeig de Gracia,51.520171,-0.102463,1
K K Hotel Picasso,48.2097026,16.3703902,4
AC Hotel Sants a Marriott Lifestyle Hotel,48.2038793,16.3698086,4
Hilton Diagonal Mar Barcelona,45.4793852,9.1961308,4
Hotel Palais Strudlhof,45.479888,9.1962982,4
Renaissance Barcelona Hotel,45.4790357,9.199028,4
Claris Hotel Spa GL,45.4838504,9.2034067,4
H10 Casa Mimosa 4 Sup,45.4857027,9.2020127,4
Catalonia Ramblas 4 Sup,45.4638223,9.1940273,4
Hotel Midmost,45.4844028,9.1673528,4
Arthotel ANA Westbahn,45.4834133,9.1666361,4
The Rookery,45.4608547,9.1886179,4
Hotel Wandl,45.4805847,9.2117326,4
Hotel Sacher Wien,45.4852549,9.2069501,4
ME Milan Il Duca,45.4845143,9.2057532,4
Hotel Principe Di Savoia,45.4747809,9.2059385,4
The Westin Palace,45.4868745,9.2018406,4
Glam Milano,45.453152,9.179172,4
Excelsior Hotel Gallia Luxury Collection Hotel,45.498503,9.1664111,4
Rosa Grand Milano Starhotels Collezione,51.5092876,-0.1370062,1
TownHouse 12,52.3781016,4.9142508,3
Hotel Mozart,41.3830117,2.1700699,2
Hotel Dei Cavalieri,41.3810421,2.1814294,2
Best Western Plus Hotel Galles,41.4111652,2.2192012,2
Starhotels Anderson,41.3799929,2.1748256,2
Hotel Michelangelo,41.368437,2.1901534,2
Hotel Mercure Milano Centro,41.3892128,2.1726015,2
NYX Milan,48.8639788,2.3352615,3
The Yard Milano,48.8719697,2.3316014,3
Hotel Sunflower,41.3703041,2.17141,2
Sheraton Grand London Park Lane,41.3861459,2.1711594,2
M venpick Hotel Amsterdam City Centre,41.3750293,2.1491172,2
Silken Ramblas,41.3798964,2.1412433,2
Duquesa Suites Barcelona,51.5357597,-0.1902591,1
Hotel SB Diagonal Zero Barcelona 4 Sup,51.517876,-0.1440647,1
Hotel DO Pla a Reial G L ,51.5135929,-0.0907833,1
W Barcelona,48.212857,16.37986,4
H10 Urquinaona Plaza,52.3744149,4.9041443,3
Hotel du Louvre in the Unbound Collection by Hyatt,52.377743,4.897057,3
W Paris Op ra,52.3764175,4.9002201,3
Hotel Miramar Barcelona GL,52.3728353,4.883326,3
Olivia Plaza Hotel,52.364971,4.8839827,3
Catalonia Barcelona Plaza,52.3678368,4.8830788,3
Barcel Sants,52.3648077,4.8853962,3
London Marriott Maida Vale,52.3419432,4.8759604,3
The Langham London,52.3600068,4.9051643,3
The Ned,41.4052324,2.2117289,2
Sofitel Vienna Stephansdom,41.3919083,2.1573318,2
Grand Hotel Amr th Amsterdam,52.3154533,4.9962997,3
art otel Amsterdam,41.4072812,2.1443116,2
NH Collection Amsterdam Barbizon Palace,41.3941625,2.1597836,2
Pulitzer Amsterdam,41.3894654,2.1662651,2
Dikker en Thijs Fenice Hotel,41.3875467,2.1673975,2
Andaz Amsterdam Prinsengracht A Hyatt Hotel,41.3922919,2.1622256,2
Hotel Seven One Seven,41.3790126,2.1696339,2
citizenM Amsterdam,41.3837453,2.171014,2
InterContinental Amstel Amsterdam,41.3989322,2.2024183,2
Attica 21 Barcelona Mar,48.2133054,16.3567884,4
Hotel America Barcelona,48.2508693,16.304957,4
Golden Tulip Amsterdam Riverside,48.1776236,16.3243588,4
Catalonia Park Putxet,41.3896916,2.1798661,2
Hotel Murmuri Barcelona,52.3664077,4.8969091,3
NH Collection Barcelona Gran Hotel Calder n,52.3657092,4.8966912,3
H10 Metropolitan 4 Sup,52.3657281,4.8972883,3
HCC Regente,48.1955998,16.3826989,4
Barcel Raval,48.1954348,16.383429,4
Le M ridien Barcelona,48.1950444,16.3844751,4
Ilunion Barcelona,48.1854312,16.404884,4
Austria Trend Hotel Rathauspark Wien,51.5013149,-0.2174459,1
Hotel Landhaus Fuhrgassl Huber,48.2071576,16.3765913,4
Hotel Parco di Sch nbrunn Vienna,48.1978409,16.367087,4
Catalonia Born,41.380939,2.1796095,2
NH Amsterdam Caransa,48.2027296,16.3661211,4
NH Amsterdam Schiller,52.3527675,4.88373,3
Royal Amsterdam Hotel,52.3617577,4.8780052,3
Lindner Hotel Am Belvedere,41.3907821,2.1717426,2
NH Wien Belvedere,41.393599,2.1684151,2
Austria Trend Hotel Savoyen Vienna,41.3905166,2.1725643,2
Austria Trend Hotel Doppio Wien,41.3909816,2.1714938,2
K West Hotel Spa,41.3910786,2.1717285,2
Appartement Hotel an der Riemergasse,41.3759896,2.167148,2
Saint SHERMIN bed breakfast champagne,41.3895263,2.1747136,2
The Wittmore Adults Only,41.3885658,2.1712991,2
Le Meridien Vienna,41.3869565,2.1665338,2
The College Hotel,48.2163343,16.3595536,4
Hotel Roemer Amsterdam,41.4226648,2.1464261,2
Hotel mbit Barcelona,41.3949242,2.1593099,2
Catalonia Eixample 1864,41.3962468,2.1609551,2
Negresco Princess 4 Sup,41.4047382,2.1727127,2
Petit Palace Barcelona,41.3920254,2.1554675,2
Roger de Ll ria,48.2176776,16.3821364,4
Hotel Garbi Millenni,48.2178332,16.3821636,4
Vincci Gala,48.2102677,16.3741269,4
Catalonia Square 4 Sup,51.5083537,0.0198855,1
H10 Universitat,48.2138096,16.3714293,4
Hotel Regina,52.3702469,4.8966743,3
Bcn Urban Hotels Gran Rosellon,41.385817,2.1256789,2
Gallery Hotel,41.3832498,2.1753483,2
Hotel Omm,41.3976233,2.188975,2
Ayre Hotel Rosell n,41.3799209,2.1728181,2
Evenia Rossello,41.3854716,2.1018835,2
Hotel Imlauer Wien,41.3949199,2.1468594,2
Hotel Nestroy Wien,52.3617751,4.9118187,3
Hotel Lam e,51.499046,-0.1917073,1
Crowne Plaza London Docklands,48.184732,16.3211959,4
K K Palais Hotel,48.1925582,16.3576071,4
Radisson Blu Hotel Amsterdam,52.2924567,4.9444338,3
Catalonia Rigoletto,48.191339,16.3165873,4
Hotel Neri,48.2048494,16.343618,4
Capri by Fraser Barcelona,48.2155236,16.3646858,4
Hotel Espa a Ramblas,48.2163149,16.3685103,4
Abba Garden,48.2146623,16.3627994,4
Zenit Barcelona,48.2022415,16.3749336,4
Hyatt Regency Amsterdam,48.2017277,16.375463,4
Austria Trend Hotel Schloss Wilhelminenberg Wien,48.2022742,16.3762615,4
Copthorne Tara Hotel London Kensington,48.2082215,16.3751842,4
Courtyard by Marriott Vienna Schoenbrunn,48.2080479,16.375612,4
Arthotel ANA Prime,48.2111522,16.3788631,4
Fletcher Hotel Amsterdam,45.4651371,9.1895249,4
Austria Trend Hotel Park Royal Palace Vienna,48.1790835,16.4116997,4
Falkensteiner Hotel Wien Zentrum Schottenfeld,52.3705447,4.8886439,3
Hilton Vienna Plaza,48.2078727,16.3724042,4
Palais Hansen Kempinski Vienna,51.4927325,-0.1573708,1
Hotel de France Wien,52.3786823,4.8207833,3
Grand Ferdinand Vienna Your Hotel In The City Center,48.1915401,16.3546263,4
Hotel Am Schubertring,48.1829645,16.3776709,4
The Ritz Carlton Vienna,48.1834787,16.3762765,4
Hotel K nig von Ungarn,51.5007324,-0.01655,1
Hotel Domizil,51.519616,-0.1218432,1
Hotel Capricorno,52.3924898,4.8683822,3
Hotel Advance,52.3727871,4.8900059,3
Derag Livinghotel Kaiser Franz Joseph Vienna,52.3697554,4.8887815,3
Room Mate Giulia,51.5059087,-0.1403795,1
Simm s Hotel,51.5064721,-0.0716893,1
Hotel Esther a,52.3681299,4.8440847,3
Hotel Royal,52.362514,4.8800077,3
Sloane Square Hotel,52.3613814,4.8832594,3
Best Western Plus Hotel Blue Square,52.3630682,4.8794451,3
Austria Trend Hotel Ananas Wien,48.2082385,16.3715725,4
Hotel Zeitgeist Vienna Hauptbahnhof,48.2087646,16.3721138,4
AZIMUT Hotel Vienna,51.5111922,-0.1194006,1
Hilton London Canary Wharf,51.5078943,-0.1436707,1
Grange Holborn Hotel,48.2107358,16.382147,4
WestCord Art Hotel Amsterdam 4 stars,48.2142766,16.3801779,4
W Amsterdam,51.508236,-0.1261963,1
NH City Centre Amsterdam,48.2121772,16.3680771,4
The Stafford London,51.5731061,-0.2233332,1
The Tower A Guoman Hotel,51.4991134,-0.0790969,1
Ramada Apollo Amsterdam Centre,48.2130607,16.4133973,4
Amsterdam Marriott Hotel,41.3812574,2.1269078,2
Park Hotel,48.1966396,16.3863822,4
NH Amsterdam Centre,48.2110845,16.3838405,4
DO CO Hotel Vienna,41.3999934,2.1452467,2
Hotel Am Stephansplatz,41.388024,2.1731556,2
The Savoy,41.38793,2.1568061,2
The May Fair Hotel,52.358631,4.8786236,3
Best Western Hotel Pension Arenberg Wien Zentrum,52.3266672,4.8800884,3
Hotel Stefanie,45.4828787,9.186346,4
Hotel City Central,45.4608604,9.1890215,4
Amba Hotel Charing Cross,45.4694772,9.1909325,4
Hotel Das Tigra,45.4501306,9.1696481,4
Holiday Inn London Brent Cross,41.3961294,2.1551626,2
Bermondsey Square Hotel A Bespoke Hotel,45.461177,9.191047,4
Courtyard by Marriott Vienna Prater Messe,45.466598,9.183064,4
NH Barcelona Stadium,45.4693349,9.2142383,4
Imperial Riding School Renaissance Vienna Hotel,45.459485,9.179511,4
Aparthotel Adagio Vienna City,45.4661781,9.1588367,4
Mercure Barcelona Condor,45.4667717,9.1871001,4
H10 Cubik 4 Sup,45.4684251,9.1834161,4
Sunotel Club Central,45.4595203,9.1770004,4
Conservatorium Hotel,45.4405621,9.1921165,4
NH Amsterdam Zuid,45.4689376,9.1868891,4
Hotel Tocq,45.49952,9.206138,4
The Square Milano Duomo,45.4708973,9.1840992,4
Mandarin Oriental Milan,45.4836517,9.2078581,4
Art Hotel Navigli,45.4845769,9.2065256,4
Hotel Balmoral,45.480515,9.160063,4
Brunelleschi Hotel,45.4841371,9.2001623,4
Camperio House Suites Apartments,45.4868744,9.2018407,4
TownHouse 33,45.4726942,9.1943911,4
Hotel Regina,45.4787357,9.2041131,4
Hotel Capitol Milano,45.4911829,9.2393614,4
Hotel Clerici,45.4524879,9.1669784,4
UNA Hotel Cusani,45.4897688,9.1549451,4
Hotel Pierre Milano,45.4858877,9.2042827,4
MiHotel,45.4802503,9.1494925,4
Hotel Milano Scala,45.4720654,9.0777871,4
IH Hotels Milano Gioia,45.4794587,9.1951427,4
Style Hotel,45.4851889,9.198015,4
Andreola Central Hotel,45.469339,9.195108,4
Hotel Bristol,45.443791,9.152947,4
Admiral Hotel,45.484237,9.198858,4
UNA Hotel Century,45.51152,9.1241306,4
Hotel Marconi,45.4859983,9.1637603,4
Hotel Cavour,45.5099969,9.1739942,4
Best Western Plus Hotel Felice Casati,45.465957,9.192297,4
Nu Hotel,45.451873,9.20548,4
Hotel Magna Pars Small Luxury Hotels of the World,45.4408963,9.1728003,4
Mercure Milano Regency,41.3833541,2.1794038,2
Hotel Auriga,41.3849695,2.1776631,2
Hotel Portello Gruppo Minihotel,41.3860521,2.176157,2
Idea Hotel Milano San Siro,41.3870479,2.174336,2
Windsor Hotel Milano,41.3822909,2.1807447,2
Four Points Sheraton Milan Center,45.4776167,9.2016244,4
Four Seasons Hotel Milano,45.4777623,9.203169,4
IH Hotels Milano Watt 13,45.4580137,9.1913676,4
LaGare Hotel Milano Centrale MGallery by Sofitel,45.443502,9.1377081,4
Barcel Milan,45.4436132,9.1161094,4
UNA Hotel Scandinavia,45.5161671,9.2272778,4
Acca Palace,45.5005657,9.1383663,4
Sina De La Ville,45.4862032,9.200322,4
UNA Hotel Mediterraneo,45.4684949,9.1550355,4
Hotel La Spezia Gruppo MiniHotel,45.4909585,9.1614268,4
Exe Laietana Palace,45.4739801,9.1960671,4
Grand Hotel Central,45.4699058,9.1925024,4
Ilunion Almirante,45.470532,9.19302,4
Ohla Barcelona,45.4792738,9.1459546,4
Barcelona Hotel Colonial,45.4813423,9.2039494,4
NH Milano Machiavelli,45.4633289,9.1884242,4
Hotel Sanpi Milano,45.4481878,9.2570459,4
Best Western Hotel Ascot,45.4606597,9.1810947,4
Ca Bianca Hotel Corte Del Naviglio,45.4814923,9.192023,4
IH Hotels Milano Lorenteggio,45.4896727,9.2006406,4
Hilton Garden Inn Milan North,45.482442,9.1756982,4
DoubleTree By Hilton Milan,45.4559784,9.1871812,4
Hilton Milan,45.4788051,9.1446276,4
Hotel Wagner,45.4622972,9.1814695,4
Hotel Boutique Duomo,45.4984161,9.1904375,4
Hotel Manin,45.4826692,9.2034371,4
Grand Hotel et de Milan,45.4830211,9.2033246,4
Armani Hotel Milano,45.4802415,9.2131919,4
Meli Milano,45.5045259,9.246461,4
Hotel Mediolanum,45.4782808,9.1997755,4
UNA Maison Milano,45.463135,9.2102,4
Novotel Milano Linate Aeroporto,45.43784,9.230901,4
Hotel Carrobbio,45.4565757,9.1684824,4
NH Milano Grand Hotel Verdi,45.4837173,9.1649371,4
Crowne Plaza Milan City,45.4701334,9.1897405,4
Leonardo Hotel Milan City Center,45.4881471,9.2016609,4
Petit Palais Hotel De Charme,45.5138582,9.1194759,4
Mokinba Hotels Montebianco,45.4589731,9.0687506,4
Hotel Mentana,45.4829817,9.2041911,4
Atahotel Contessa Jolanda,45.4670579,9.1427822,4
Hotel Berna,45.465237,9.191247,4
Best Western Atlantic Hotel,45.4655368,9.1914986,4
LHP Hotel Napoleon,45.467298,9.1846982,4
Ibis Styles Milano Palmanova,45.4672309,9.184154,4
Mokinba Hotels Baviera,45.4630441,9.183607,4
Hotel Vittoria,45.4657568,9.1916674,4
Starhotels Business Palace,45.4574655,9.1919138,4
Hotel Mercure Milano Solari,45.470238,9.195347,4
ADI Hotel Poliziano Fiera,45.4714062,9.1965303,4
Bulgari Hotel Milano,45.4691663,9.1984454,4
Best Western Madison Hotel,45.5331372,9.1711019,4
The Hub Hotel,45.4648822,9.1893265,4
Hotel Silver,45.4657842,9.1895321,4
Colombia,45.463579,9.1869092,4
Antares Hotel Rubens,45.4779041,9.2094965,4
STRAF a Member of Design Hotels ,45.501946,9.2277569,4
Sina The Gray,45.4769167,9.196665,4
Antica Locanda Dei Mercanti,45.4851799,9.1831189,4
Palazzo Segreti,45.4709657,9.1566242,4
Hotel Santa Marta Suites,45.4654912,9.1889612,4
TH Street Duomo,45.4510425,9.1606536,4
Uptown Palace,45.488764,9.183057,4
Hotel Manzoni,45.5000245,9.1428722,4
Senato Hotel Milano,45.5147974,9.116606,4
Baglioni Hotel Carlton The Leading Hotels of the World,45.500667,9.1445874,4
Hotel Da Vinci,45.4611287,9.1542675,4
TownHouse Duomo,45.4853717,9.2115837,4
TownHouse Galleria,45.4847398,9.2072916,4
Hotel Spadari Al Duomo,45.4635445,9.2068649,4
Starhotels Ritz,45.4510397,9.1920911,4
Ramada Plaza Milano,45.4508673,9.1948659,4
NH Milano Touring,45.4947129,9.1418864,4
AC Hotel Milano a Marriott Lifestyle Hotel,45.494861,9.141551,4
Hotel Tiziano Park Vita Parcour Gruppo MiniHotels,45.4921089,9.1476806,4
Park Hyatt Milano,45.5266395,9.2131549,4
Nhow Milan,45.4471408,9.2070051,4
Holiday Inn Milan Garibaldi Station,45.4472099,9.2090967,4
Milan Suite Hotel,45.4872511,9.2237385,4
Klima Hotel Milano Fiere,45.480968,9.189977,4
Radisson Blu Hotel Milan,45.502453,9.2218364,4
Milan Marriott Hotel,45.50054,9.2208089,4
ADI Doria Grand Hotel,45.4725167,9.1439198,4
Starhotels Echo,45.4736557,9.2066824,4
Bianca Maria Palace Hotel,45.5257221,9.2150033,4
Hotel D Este,45.506502,9.1965192,4
Hotel Liberty,45.4770906,9.2054208,4
Best Western Hotel Mirage,52.3663727,4.8930505,3
Hotel Raffaello,52.365823,4.893243,3
Antares Hotel Accademia,41.3766732,2.1524478,2
Starhotels Tourist,41.4047934,2.1288527,2
Grand Visconti Palace,41.3853781,2.1567228,2
Best Western Hotel Major,48.2307014,16.3552189,4
Hotel Lombardia,52.3625662,4.8779225,3
NH Milano Palazzo Moscova,48.2340799,16.4210093,4
Best Western Antares Hotel Concorde,48.2353789,16.4219737,4
Atahotel Linea Uno,48.2390022,16.4292329,4
Best Western Hotel Astoria,48.231915,16.417026,4
Sheraton Diana Majestic,48.1919288,16.3391395,4
Hotel degli Arcimboldi,48.1941905,16.3462578,4
Novotel Milano Nord Ca Granda,48.1945774,16.346356,4
Best Western Hotel St George,48.2072348,16.372238,4
NH Carlton Amsterdam,52.3583821,4.8988777,3
Albus Hotel Amsterdam City Centre,51.5403942,-0.3697581,1
Hotel Vilamar ,51.5084195,0.0253216,1
Vilana Hotel,51.5009609,-0.1165913,1
Acevi Villarroel,51.4242413,-0.2293503,1
Hotel Arkadenhof,52.3594783,4.895853,3
Hotel Vondel Amsterdam,51.509133,-0.130189,1
Hotel Pension Baron am Schottentor,51.5045583,-0.1262584,1
Hotel Atlanta,52.3546649,4.9131641,3
Park Inn by Radisson Uno City Vienna,48.1877258,16.3781454,4
NH Danube City,48.1953229,16.3672882,4
Strandhotel Alte Donau,48.1974036,16.3673003,4
ARCOTEL Kaiserwasser Superior,48.1935235,16.3669145,4
Mercure Hotel Raphael Wien,48.2104468,16.3715781,4
Arthotel ANA Boutique Six,51.5020912,-0.1577795,1
Austria Trend Hotel Anatol Wien,51.499981,-0.1928791,1
Hotel Kaiserin Elisabeth,48.2037451,16.3356767,4
